Department,Average Salary,Total Salary,Average Age
Sales,80386.69797525309,1.42927549E8,40.03162055335969
HR,80281.37772675086,1.3985016E8,40.26392111368909
,79861.56912280702,1.13802736E8,39.67240143369175
Finance,78844.66186252772,1.4223577E8,40.36075597554197
Admin,79289.03543543543,1.32016244E8,39.763897190675436
Marketing,80131.17134502924,1.37024303E8,39.71019677996422
IT,80749.56735159818,1.41473242E8,39.522260273972606
Operations,80007.88235294117,1.37373534E8,40.24507531865585
